id	first_name	last_name	email	gender	ip_address
1	Inness	Cords	icords0@csmonitor.com	Genderfluid	122.66.172.27
2	Calvin	Hardeman	chardeman1@cnet.com	Male	243.96.241.77
3	Rafi	Pennini	rpennini2@ed.gov	Male	153.114.176.101
4	Abbott	Roggeman	aroggeman3@google.nl	Male	171.14.221.70
5	Normie	Philippault	nphilippault4@homestead.com	Male	12.145.246.151
6	Olga	Paulmann	opaulmann5@mysql.com	Female	19.112.9.210
7	Sheba	Kubelka	skubelka6@mit.edu	Female	119.106.29.66
8	Fitz	Iskov	fiskov7@washington.edu	Male	87.19.187.94
9	Inesita	Ewell	iewell8@biglobe.ne.jp	Female	114.51.247.85
10	Allin	O'Dyvoie	aodyvoie9@opensource.org	Male	93.217.169.249
11	Danica	Wainscot	dwainscota@dyndns.org	Female	105.34.182.107
12	Dean	Gowing	dgowingb@drupal.org	Male	2.140.170.66
13	Rose	Mumbray	rmumbrayc@ihg.com	Female	91.116.254.96
14	Emmanuel	Ingleton	eingletond@whitehouse.gov	Male	174.156.36.243
15	Clarke	Featley	cfeatleye@histats.com	Male	45.232.49.239
16	Euell	Neylan	eneylanf@devhub.com	Male	127.161.2.240
17	Skye	Linsley	slinsleyg@prweb.com	Male	248.30.32.148
18	Winfred	Langridge	wlangridgeh@tamu.edu	Male	9.116.39.197
19	Gwen	Pedrocco	gpedroccoi@g.co	Female	210.53.246.187
20	Chevalier	Simone	csimonej@constantcontact.com	Male	166.201.119.163
21	Donnie	Whitlock	dwhitlockk@fastcompany.com	Male	187.173.130.36
22	Addi	Scales	ascalesl@fastcompany.com	Female	167.248.113.151
23	Luciana	Sampson	lsampsonm@blogspot.com	Female	178.134.142.239
24	Ward	Klyner	wklynern@skyrock.com	Male	37.237.162.218
25	Meagan	Simpkins	msimpkinso@foxnews.com	Non-binary	241.189.61.190
26	Carlin	Gonzalo	cgonzalop@myspace.com	Female	7.111.37.247
27	Valry	Ibbott	vibbottq@slate.com	Female	220.110.147.202
28	Marleen	Braunes	mbraunesr@reference.com	Female	92.174.228.60
29	Cleavland	Longmate	clongmates@unc.edu	Male	11.157.210.151
30	Lindsey	Dotson	ldotsont@vkontakte.ru	Female	97.199.2.86
31	Violet	Rivelon	vrivelonu@hp.com	Female	185.213.70.204
32	Nita	Slowgrove	nslowgrovev@wufoo.com	Female	0.225.248.173
33	Cornie	Brent	cbrentw@yellowbook.com	Male	59.199.20.3
34	Bili	Fleet	bfleetx@cyberchimps.com	Female	230.146.91.98
35	Eliza	Barreau	ebarreauy@creativecommons.org	Female	163.62.103.253
36	Gianina	Creech	gcreechz@answers.com	Female	12.129.236.120
37	Manfred	Hemmingway	mhemmingway10@yahoo.co.jp	Male	188.182.183.83
38	Channa	Strainge	cstrainge11@bandcamp.com	Female	184.44.154.172
39	Lazare	Hayworth	lhayworth12@deliciousdays.com	Male	113.142.198.34
40	Anson	Wellbank	awellbank13@nature.com	Male	209.207.89.202
41	Hamel	McNutt	hmcnutt14@theatlantic.com	Polygender	235.138.54.204
42	Gerardo	McSperron	gmcsperron15@shinystat.com	Male	201.241.189.48
43	Marijo	Penelli	mpenelli16@unesco.org	Female	244.78.237.141
44	Jody	Trent	jtrent17@fotki.com	Male	9.121.79.79
45	Auberon	Colaton	acolaton18@soup.io	Male	154.235.159.170
46	Byrom	Cock	bcock19@ycombinator.com	Male	186.85.107.84
47	Arlee	Drakes	adrakes1a@amazon.de	Female	78.242.119.127
48	Tallulah	Bibbie	tbibbie1b@bizjournals.com	Polygender	62.95.53.234
49	Yurik	Dossit	ydossit1c@discovery.com	Male	79.20.99.2
50	Fancie	Busen	fbusen1d@chron.com	Female	17.6.244.185
51	John	McLenahan	jmclenahan1e@typepad.com	Male	48.214.241.26
52	Kerstin	Standeven	kstandeven1f@opensource.org	Female	127.85.81.152
53	Clarance	Phizaclea	cphizaclea1g@zimbio.com	Male	37.192.33.91
54	Gipsy	Gwilliam	ggwilliam1h@vistaprint.com	Female	31.171.122.16
55	Bastien	Wozencroft	bwozencroft1i@creativecommons.org	Male	245.27.131.18
56	Roch	Trudgeon	rtrudgeon1j@weather.com	Female	82.63.192.69
57	Randi	Cusack	rcusack1k@gnu.org	Male	118.151.233.160
58	Gabriele	Harcus	gharcus1l@example.com	Male	232.22.160.165
59	Gage	Pepper	gpepper1m@wp.com	Polygender	233.253.103.129
60	Alejoa	McInteer	amcinteer1n@gravatar.com	Polygender	186.217.161.188
61	Cyndy	Kettleson	ckettleson1o@mediafire.com	Female	139.9.52.93
62	Giacinta	Preto	gpreto1p@imageshack.us	Female	75.198.81.174
63	Deedee	Hele	dhele1q@amazon.co.jp	Female	150.81.69.231
64	Gunther	Pfeuffer	gpfeuffer1r@nyu.edu	Male	103.163.218.60
65	Hendrik	Lagden	hlagden1s@fotki.com	Male	183.106.118.78
66	Annabell	Wardingley	awardingley1t@ezinearticles.com	Bigender	170.145.69.146
67	Skylar	Longhi	slonghi1u@aboutads.info	Male	181.115.37.124
68	Justen	Jollands	jjollands1v@nih.gov	Male	85.116.44.10
69	Palmer	Borgars	pborgars1w@chronoengine.com	Male	230.66.73.7
70	Emory	Ivanikov	eivanikov1x@nationalgeographic.com	Male	173.198.44.74
71	Garrik	Schust	gschust1y@epa.gov	Male	136.51.234.19
72	Lenora	Strangeway	lstrangeway1z@homestead.com	Female	22.210.208.120
73	Kendricks	Ramas	kramas20@ucoz.com	Male	129.148.184.166
74	Jessie	Wheater	jwheater21@sciencedaily.com	Male	166.22.249.239
75	Rene	Linton	rlinton22@ihg.com	Female	37.252.242.192
76	Tobias	Smy	tsmy23@state.gov	Male	45.36.244.92
77	Roderich	Breheny	rbreheny24@noaa.gov	Male	216.180.200.137
78	Salli	Duddle	sduddle25@mysql.com	Female	77.34.62.251
79	Larissa	Cosans	lcosans26@shareasale.com	Genderfluid	111.225.93.94
80	Raeann	Napolione	rnapolione27@walmart.com	Female	179.88.210.156
81	Korrie	Terris	kterris28@angelfire.com	Female	128.69.180.72
82	Ogdan	Tuddall	otuddall29@naver.com	Male	244.188.50.175
83	Farrand	Drever	fdrever2a@live.com	Agender	36.155.176.247
84	Bunni	Blacksell	bblacksell2b@printfriendly.com	Female	224.159.133.194
85	Raimondo	Klejin	rklejin2c@phpbb.com	Male	109.26.222.66
86	Cris	Iacopo	ciacopo2d@latimes.com	Female	113.238.115.149
87	Rafi	Van Dale	rvandale2e@state.tx.us	Male	24.143.72.107
88	Denyse	Cuolahan	dcuolahan2f@examiner.com	Female	30.29.200.150
89	Jarret	Ninnis	jninnis2g@google.nl	Agender	54.123.44.83
90	Alf	Scholes	ascholes2h@army.mil	Male	55.243.15.86
91	Laird	Sysland	lsysland2i@hao123.com	Male	56.39.246.79
92	Peri	Snarr	psnarr2j@arizona.edu	Polygender	14.48.70.26
93	Luisa	Puttnam	lputtnam2k@webs.com	Female	25.179.195.114
94	Gertrude	Heinschke	gheinschke2l@infoseek.co.jp	Female	179.128.22.78
95	Ulick	Rawles	urawles2m@answers.com	Male	234.129.220.81
96	Peg	Paulucci	ppaulucci2n@dailymotion.com	Female	61.120.205.0
97	Hazel	Emby	hemby2o@army.mil	Female	119.179.200.95
98	Graham	O'Longain	golongain2p@miibeian.gov.cn	Male	33.90.68.238
99	Leonora	Tomkies	ltomkies2q@pcworld.com	Female	86.6.116.197
100	Rube	Pickerill	rpickerill2r@mit.edu	Male	33.52.13.146